id,mobile,province,city,content,create_time
1,1300000,1,1,中国联通GSM,"2014-05-21 12:39:43"
2,1300001,10,83,中国联通GSM,"2014-05-21 12:39:43"
3,1300002,12,117,中国联通GSM,"2014-05-21 12:39:43"
4,1300006,10,87,中国联通GSM,"2014-05-21 12:39:43"
5,1300008,17,182,中国联通GSM,"2014-05-21 12:39:43"
6,1300010,1,1,中国联通GSM,"2014-05-21 12:39:43"
7,1300011,1,1,中国联通GSM,"2014-05-21 12:39:43"
8,1300012,2,2,中国联通GSM,"2014-05-21 12:39:43"
9,1300013,2,2,中国联通GSM,"2014-05-21 12:39:43"
10,1300014,2,2,中国联通GSM,"2014-05-21 12:39:43"
11,1300015,15,148,中国联通GSM,"2014-05-21 12:39:43"
12,1300016,15,153,中国联通GSM,"2014-05-21 12:39:43"
13,1300017,15,161,中国联通GSM,"2014-05-21 12:39:43"
14,1300018,2,2,中国联通GSM,"2014-05-21 12:39:43"
15,1300019,2,2,中国联通GSM,"2014-05-21 12:39:43"
16,1300020,9,82,中国联通GSM,"2014-05-21 12:39:43"
17,1300021,9,82,中国联通GSM,"2014-05-21 12:39:43"
18,1300022,9,82,中国联通GSM,"2014-05-21 12:39:43"
19,1300023,9,82,中国联通GSM,"2014-05-21 12:39:43"
20,1300024,9,82,中国联通GSM,"2014-05-21 12:39:43"
21,1300025,10,87,中国联通GSM,"2014-05-21 12:39:43"
22,1300026,10,87,中国联通GSM,"2014-05-21 12:39:43"
23,1300027,15,153,中国联通GSM,"2014-05-21 12:39:43"
24,1300028,10,87,中国联通GSM,"2014-05-21 12:39:43"
25,1300029,10,87,中国联通GSM,"2014-05-21 12:39:43"
26,1300030,10,87,中国联通GSM,"2014-05-21 12:39:43"
27,1300031,10,87,中国联通GSM,"2014-05-21 12:39:43"
28,1300032,10,87,中国联通GSM,"2014-05-21 12:39:43"
29,1300033,10,86,中国联通GSM,"2014-05-21 12:39:43"
30,1300034,10,86,中国联通GSM,"2014-05-21 12:39:43"
31,1300035,10,86,中国联通GSM,"2014-05-21 12:39:43"
32,1300036,10,86,中国联通GSM,"2014-05-21 12:39:43"
33,1300037,10,86,中国联通GSM,"2014-05-21 12:39:43"
34,1300038,10,86,中国联通GSM,"2014-05-21 12:39:43"
35,1300039,10,86,中国联通GSM,"2014-05-21 12:39:43"
36,1300040,19,220,中国联通GSM,"2014-05-21 12:39:43"
37,1300041,19,220,中国联通GSM,"2014-05-21 12:39:43"
38,1300042,19,220,中国联通GSM,"2014-05-21 12:39:43"
39,1300043,19,220,中国联通GSM,"2014-05-21 12:39:43"
40,1300044,19,220,中国联通GSM,"2014-05-21 12:39:43"
41,1300045,1,1,中国联通GSM,"2014-05-21 12:39:43"
42,1300046,1,1,中国联通GSM,"2014-05-21 12:39:43"
43,1300047,1,1,中国联通GSM,"2014-05-21 12:39:43"
44,1300048,1,1,中国联通GSM,"2014-05-21 12:39:43"
45,1300049,1,1,中国联通GSM,"2014-05-21 12:39:43"
46,1300050,19,220,中国联通GSM,"2014-05-21 12:39:43"
47,1300051,19,220,中国联通GSM,"2014-05-21 12:39:43"
48,1300052,19,220,中国联通GSM,"2014-05-21 12:39:43"
49,1300053,19,220,中国联通GSM,"2014-05-21 12:39:43"
50,1300054,19,220,中国联通GSM,"2014-05-21 12:39:43"
51,1300055,19,220,中国联通GSM,"2014-05-21 12:39:43"
52,1300056,19,220,中国联通GSM,"2014-05-21 12:39:43"
53,1300057,19,220,中国联通GSM,"2014-05-21 12:39:43"
54,1300058,19,220,中国联通GSM,"2014-05-21 12:39:43"
55,1300059,19,220,中国联通GSM,"2014-05-21 12:39:43"
56,1300060,19,220,中国联通GSM,"2014-05-21 12:39:43"
57,1300061,17,192,中国联通GSM,"2014-05-21 12:39:43"
58,1300062,19,220,中国联通GSM,"2014-05-21 12:39:43"
59,1300063,19,220,中国联通GSM,"2014-05-21 12:39:43"
60,1300064,19,220,中国联通GSM,"2014-05-21 12:39:43"
61,1300065,15,158,中国联通GSM,"2014-05-21 12:39:43"
62,1300066,19,220,中国联通GSM,"2014-05-21 12:39:43"
63,1300067,11,106,中国联通GSM,"2014-05-21 12:39:43"
64,1300068,19,220,中国联通GSM,"2014-05-21 12:39:43"
65,1300069,20,238,中国联通GSM,"2014-05-21 12:39:43"
66,1300070,19,220,中国联通GSM,"2014-05-21 12:39:43"
67,1300071,17,182,中国联通GSM,"2014-05-21 12:39:43"
68,1300072,19,220,中国联通GSM,"2014-05-21 12:39:43"
69,1300073,19,220,中国联通GSM,"2014-05-21 12:39:43"
70,1300074,19,220,中国联通GSM,"2014-05-21 12:39:43"
71,1300075,19,220,中国联通GSM,"2014-05-21 12:39:43"
72,1300076,19,220,中国联通GSM,"2014-05-21 12:39:43"
73,1300077,19,220,中国联通GSM,"2014-05-21 12:39:43"
74,1300078,19,220,中国联通GSM,"2014-05-21 12:39:43"
75,1300079,19,220,中国联通GSM,"2014-05-21 12:39:43"
76,1300080,19,220,中国联通GSM,"2014-05-21 12:39:43"
77,1300081,19,220,中国联通GSM,"2014-05-21 12:39:43"
78,1300082,19,220,中国联通GSM,"2014-05-21 12:39:43"
79,1300083,19,220,中国联通GSM,"2014-05-21 12:39:43"
80,1300084,19,220,中国联通GSM,"2014-05-21 12:39:43"
81,1300085,19,220,中国联通GSM,"2014-05-21 12:39:43"
82,1300086,19,220,中国联通GSM,"2014-05-21 12:39:43"
83,1300087,28,327,中国联通GSM,"2014-05-21 12:39:43"
84,1300088,19,220,中国联通GSM,"2014-05-21 12:39:43"
85,1300089,19,220,中国联通GSM,"2014-05-21 12:39:43"
86,1300100,1,1,中国联通GSM,"2014-05-21 12:39:43"
87,1300101,1,1,中国联通GSM,"2014-05-21 12:39:43"
88,1300102,1,1,中国联通GSM,"2014-05-21 12:39:43"
89,1300103,1,1,中国联通GSM,"2014-05-21 12:39:43"
90,1300104,1,1,中国联通GSM,"2014-05-21 12:39:43"
91,1300105,1,1,中国联通GSM,"2014-05-21 12:39:43"
92,1300106,1,1,中国联通GSM,"2014-05-21 12:39:43"
93,1300107,1,1,中国联通GSM,"2014-05-21 12:39:43"
94,1300108,1,1,中国联通GSM,"2014-05-21 12:39:43"
95,1300109,1,1,中国联通GSM,"2014-05-21 12:39:43"
96,1300110,1,1,中国联通GSM,"2014-05-21 12:39:43"
97,1300111,1,1,中国联通GSM,"2014-05-21 12:39:43"
98,1300112,1,1,中国联通GSM,"2014-05-21 12:39:43"
99,1300113,1,1,中国联通GSM,"2014-05-21 12:39:43"
100,1300114,1,1,中国联通GSM,"2014-05-21 12:39:43"
101,1300115,1,1,中国联通GSM,"2014-05-21 12:39:43"
102,1300116,1,1,中国联通GSM,"2014-05-21 12:39:43"
103,1300117,1,1,中国联通GSM,"2014-05-21 12:39:43"
104,1300118,1,1,中国联通GSM,"2014-05-21 12:39:43"
105,1300119,1,1,中国联通GSM,"2014-05-21 12:39:43"
106,1300120,1,1,中国联通GSM,"2014-05-21 12:39:43"
107,1300121,1,1,中国联通GSM,"2014-05-21 12:39:43"
108,1300122,1,1,中国联通GSM,"2014-05-21 12:39:43"
109,1300123,1,1,中国联通GSM,"2014-05-21 12:39:43"
110,1300124,1,1,中国联通GSM,"2014-05-21 12:39:43"
111,1300125,1,1,中国联通GSM,"2014-05-21 12:39:43"
112,1300126,1,1,中国联通GSM,"2014-05-21 12:39:43"
113,1300127,1,1,中国联通GSM,"2014-05-21 12:39:43"
114,1300128,1,1,中国联通GSM,"2014-05-21 12:39:43"
115,1300129,1,1,中国联通GSM,"2014-05-21 12:39:43"
116,1300130,2,2,中国联通GSM,"2014-05-21 12:39:43"
117,1300131,2,2,中国联通GSM,"2014-05-21 12:39:43"
118,1300132,2,2,中国联通GSM,"2014-05-21 12:39:43"
119,1300133,2,2,中国联通GSM,"2014-05-21 12:39:43"
120,1300134,2,2,中国联通GSM,"2014-05-21 12:39:43"
121,1300135,2,2,中国联通GSM,"2014-05-21 12:39:43"
122,1300136,2,2,中国联通GSM,"2014-05-21 12:39:43"
123,1300137,2,2,中国联通GSM,"2014-05-21 12:39:43"
124,1300138,2,2,中国联通GSM,"2014-05-21 12:39:43"
125,1300139,2,2,中国联通GSM,"2014-05-21 12:39:43"
126,1300140,3,3,中国联通GSM,"2014-05-21 12:39:43"
127,1300141,3,6,中国联通GSM,"2014-05-21 12:39:43"
128,1300142,3,11,中国联通GSM,"2014-05-21 12:39:43"
129,1300143,3,12,中国联通GSM,"2014-05-21 12:39:43"
130,1300144,3,4,中国联通GSM,"2014-05-21 12:39:43"
131,1300145,3,13,中国联通GSM,"2014-05-21 12:39:43"
132,1300146,3,7,中国联通GSM,"2014-05-21 12:39:43"
133,1300147,3,8,中国联通GSM,"2014-05-21 12:39:43"
134,1300148,3,4,中国联通GSM,"2014-05-21 12:39:43"
135,1300149,3,5,中国联通GSM,"2014-05-21 12:39:43"
136,1300150,15,148,中国联通GSM,"2014-05-21 12:39:43"
137,1300151,15,148,中国联通GSM,"2014-05-21 12:39:43"
138,1300152,15,157,中国联通GSM,"2014-05-21 12:39:43"
139,1300153,15,158,中国联通GSM,"2014-05-21 12:39:43"
140,1300154,15,158,中国联通GSM,"2014-05-21 12:39:43"
141,1300155,15,158,中国联通GSM,"2014-05-21 12:39:43"
142,1300156,15,146,中国联通GSM,"2014-05-21 12:39:43"
143,1300157,15,150,中国联通GSM,"2014-05-21 12:39:43"
144,1300158,15,155,中国联通GSM,"2014-05-21 12:39:43"
145,1300159,15,160,中国联通GSM,"2014-05-21 12:39:43"
146,1300160,15,153,中国联通GSM,"2014-05-21 12:39:43"
147,1300161,15,153,中国联通GSM,"2014-05-21 12:39:43"
148,1300162,15,153,中国联通GSM,"2014-05-21 12:39:43"
149,1300163,15,147,中国联通GSM,"2014-05-21 12:39:43"
150,1300164,15,147,中国联通GSM,"2014-05-21 12:39:43"
151,1300165,15,147,中国联通GSM,"2014-05-21 12:39:43"
152,1300166,15,156,中国联通GSM,"2014-05-21 12:39:43"
153,1300167,15,156,中国联通GSM,"2014-05-21 12:39:43"
154,1300168,15,156,中国联通GSM,"2014-05-21 12:39:43"
155,1300169,15,156,中国联通GSM,"2014-05-21 12:39:43"
156,1300170,15,161,中国联通GSM,"2014-05-21 12:39:43"
157,1300171,15,161,中国联通GSM,"2014-05-21 12:39:43"
158,1300172,15,161,中国联通GSM,"2014-05-21 12:39:43"
159,1300173,15,161,中国联通GSM,"2014-05-21 12:39:43"
160,1300174,15,161,中国联通GSM,"2014-05-21 12:39:43"
161,1300175,15,159,中国联通GSM,"2014-05-21 12:39:43"
162,1300176,15,154,中国联通GSM,"2014-05-21 12:39:43"
163,1300177,15,152,中国联通GSM,"2014-05-21 12:39:43"
164,1300178,15,145,中国联通GSM,"2014-05-21 12:39:43"
165,1300179,15,149,中国联通GSM,"2014-05-21 12:39:43"
166,1300180,3,5,中国联通GSM,"2014-05-21 12:39:43"
167,1300181,3,6,中国联通GSM,"2014-05-21 12:39:43"
168,1300182,3,11,中国联通GSM,"2014-05-21 12:39:43"
169,1300183,3,12,中国联通GSM,"2014-05-21 12:39:43"
170,1300184,3,6,中国联通GSM,"2014-05-21 12:39:43"
171,1300185,3,13,中国联通GSM,"2014-05-21 12:39:43"
172,1300186,3,7,中国联通GSM,"2014-05-21 12:39:43"
173,1300187,3,3,中国联通GSM,"2014-05-21 12:39:43"
174,1300188,3,5,中国联通GSM,"2014-05-21 12:39:43"
175,1300189,3,5,中国联通GSM,"2014-05-21 12:39:43"
176,1300190,1,1,中国联通GSM,"2014-05-21 12:39:43"
177,1300191,1,1,中国联通GSM,"2014-05-21 12:39:43"
178,1300192,1,1,中国联通GSM,"2014-05-21 12:39:43"
179,1300193,1,1,中国联通GSM,"2014-05-21 12:39:43"
180,1300194,1,1,中国联通GSM,"2014-05-21 12:39:43"
181,1300195,1,1,中国联通GSM,"2014-05-21 12:39:43"
182,1300196,1,1,中国联通GSM,"2014-05-21 12:39:43"
183,1300197,1,1,中国联通GSM,"2014-05-21 12:39:43"
184,1300198,1,1,中国联通GSM,"2014-05-21 12:39:43"
185,1300199,1,1,中国联通GSM,"2014-05-21 12:39:43"
186,1300200,19,220,中国联通GSM,"2014-05-21 12:39:43"
187,1300201,19,220,中国联通GSM,"2014-05-21 12:39:43"
188,1300202,19,220,中国联通GSM,"2014-05-21 12:39:43"
189,1300203,19,220,中国联通GSM,"2014-05-21 12:39:43"
190,1300204,19,220,中国联通GSM,"2014-05-21 12:39:43"
191,1300205,19,220,中国联通GSM,"2014-05-21 12:39:43"
192,1300206,19,220,中国联通GSM,"2014-05-21 12:39:43"
193,1300207,19,220,中国联通GSM,"2014-05-21 12:39:43"
194,1300208,19,220,中国联通GSM,"2014-05-21 12:39:43"
195,1300209,19,220,中国联通GSM,"2014-05-21 12:39:43"
196,1300210,9,82,中国联通GSM,"2014-05-21 12:39:43"
197,1300211,9,82,中国联通GSM,"2014-05-21 12:39:43"
198,1300212,9,82,中国联通GSM,"2014-05-21 12:39:43"
199,1300213,9,82,中国联通GSM,"2014-05-21 12:39:43"
200,1300214,9,82,中国联通GSM,"2014-05-21 12:39:43"
201,1300215,9,82,中国联通GSM,"2014-05-21 12:39:43"
202,1300216,9,82,中国联通GSM,"2014-05-21 12:39:43"
203,1300217,9,82,中国联通GSM,"2014-05-21 12:39:43"
204,1300218,9,82,中国联通GSM,"2014-05-21 12:39:43"
205,1300219,9,82,中国联通GSM,"2014-05-21 12:39:43"
206,1300220,2,2,中国联通GSM,"2014-05-21 12:39:43"
207,1300221,2,2,中国联通GSM,"2014-05-21 12:39:43"
208,1300222,2,2,中国联通GSM,"2014-05-21 12:39:43"
209,1300223,2,2,中国联通GSM,"2014-05-21 12:39:43"
210,1300224,2,2,中国联通GSM,"2014-05-21 12:39:43"
211,1300225,2,2,中国联通GSM,"2014-05-21 12:39:43"
212,1300226,2,2,中国联通GSM,"2014-05-21 12:39:43"
213,1300227,2,2,中国联通GSM,"2014-05-21 12:39:43"
214,1300228,2,2,中国联通GSM,"2014-05-21 12:39:43"
215,1300229,2,2,中国联通GSM,"2014-05-21 12:39:43"
216,1300230,22,246,中国联通GSM,"2014-05-21 12:39:43"
217,1300231,22,246,中国联通GSM,"2014-05-21 12:39:43"
218,1300232,22,246,中国联通GSM,"2014-05-21 12:39:43"
219,1300233,22,246,中国联通GSM,"2014-05-21 12:39:43"
220,1300234,22,246,中国联通GSM,"2014-05-21 12:39:43"
221,1300235,22,246,中国联通GSM,"2014-05-21 12:39:43"
222,1300236,22,246,中国联通GSM,"2014-05-21 12:39:43"
223,1300237,22,246,中国联通GSM,"2014-05-21 12:39:43"
224,1300238,22,246,中国联通GSM,"2014-05-21 12:39:43"
225,1300239,22,246,中国联通GSM,"2014-05-21 12:39:43"
226,1300240,6,48,中国联通GSM,"2014-05-21 12:39:43"
227,1300241,6,48,中国联通GSM,"2014-05-21 12:39:43"
228,1300242,6,48,中国联通GSM,"2014-05-21 12:39:43"
229,1300243,6,48,中国联通GSM,"2014-05-21 12:39:43"
230,1300244,6,48,中国联通GSM,"2014-05-21 12:39:43"
231,1300245,6,48,中国联通GSM,"2014-05-21 12:39:43"
232,1300246,6,48,中国联通GSM,"2014-05-21 12:39:43"
233,1300247,6,48,中国联通GSM,"2014-05-21 12:39:43"
234,1300248,6,48,中国联通GSM,"2014-05-21 12:39:43"
235,1300249,6,48,中国联通GSM,"2014-05-21 12:39:43"
236,1300250,10,87,中国联通GSM,"2014-05-21 12:39:43"
237,1300251,10,87,中国联通GSM,"2014-05-21 12:39:43"
238,1300252,10,87,中国联通GSM,"2014-05-21 12:39:43"
239,1300253,10,87,中国联通GSM,"2014-05-21 12:39:43"
240,1300254,10,87,中国联通GSM,"2014-05-21 12:39:43"
241,1300255,10,87,中国联通GSM,"2014-05-21 12:39:43"
242,1300256,10,87,中国联通GSM,"2014-05-21 12:39:43"
243,1300257,10,87,中国联通GSM,"2014-05-21 12:39:43"
244,1300258,10,87,中国联通GSM,"2014-05-21 12:39:43"
245,1300259,10,87,中国联通GSM,"2014-05-21 12:39:43"
246,1300260,11,96,中国联通GSM,"2014-05-21 12:39:43"
247,1300261,11,105,中国联通GSM,"2014-05-21 12:39:43"
248,1300262,11,99,中国联通GSM,"2014-05-21 12:39:43"
249,1300263,11,101,中国联通GSM,"2014-05-21 12:39:43"
250,1300264,11,102,中国联通GSM,"2014-05-21 12:39:43"
251,1300265,11,103,中国联通GSM,"2014-05-21 12:39:43"
252,1300266,11,98,中国联通GSM,"2014-05-21 12:39:43"
253,1300267,11,104,中国联通GSM,"2014-05-21 12:39:43"
254,1300268,11,106,中国联通GSM,"2014-05-21 12:39:43"
255,1300269,11,106,中国联通GSM,"2014-05-21 12:39:43"
256,1300270,15,148,中国联通GSM,"2014-05-21 12:39:43"
257,1300271,15,148,中国联通GSM,"2014-05-21 12:39:43"
258,1300272,15,153,中国联通GSM,"2014-05-21 12:39:43"
259,1300273,15,153,中国联通GSM,"2014-05-21 12:39:43"
260,1300274,15,153,中国联通GSM,"2014-05-21 12:39:43"
261,1300275,15,153,中国联通GSM,"2014-05-21 12:39:43"
262,1300276,15,151,中国联通GSM,"2014-05-21 12:39:43"
263,1300277,15,152,中国联通GSM,"2014-05-21 12:39:43"
264,1300278,15,158,中国联通GSM,"2014-05-21 12:39:43"
265,1300279,15,150,中国联通GSM,"2014-05-21 12:39:43"
266,1300280,23,250,中国联通GSM,"2014-05-21 12:39:43"
267,1300281,23,269,中国联通GSM,"2014-05-21 12:39:43"
268,1300282,23,271,中国联通GSM,"2014-05-21 12:39:43"
269,1300283,23,251,中国联通GSM,"2014-05-21 12:39:43"
270,1300284,23,251,中国联通GSM,"2014-05-21 12:39:43"
271,1300285,23,258,中国联通GSM,"2014-05-21 12:39:43"
272,1300286,23,261,中国联通GSM,"2014-05-21 12:39:43"
273,1300287,23,254,中国联通GSM,"2014-05-21 12:39:43"
274,1300288,23,255,中国联通GSM,"2014-05-21 12:39:43"
275,1300289,23,262,中国联通GSM,"2014-05-21 12:39:43"
276,1300290,27,310,中国联通GSM,"2014-05-21 12:39:43"
277,1300291,27,310,中国联通GSM,"2014-05-21 12:39:43"
278,1300292,27,310,中国联通GSM,"2014-05-21 12:39:43"
279,1300293,27,310,中国联通GSM,"2014-05-21 12:39:43"
280,1300294,27,310,中国联通GSM,"2014-05-21 12:39:43"
281,1300295,27,310,中国联通GSM,"2014-05-21 12:39:43"
282,1300296,27,310,中国联通GSM,"2014-05-21 12:39:43"
283,1300297,27,310,中国联通GSM,"2014-05-21 12:39:43"
284,1300298,27,310,中国联通GSM,"2014-05-21 12:39:43"
285,1300299,27,310,中国联通GSM,"2014-05-21 12:39:43"
286,1300300,12,116,中国联通GSM,"2014-05-21 12:39:43"
287,1300301,12,121,中国联通GSM,"2014-05-21 12:39:43"
288,1300302,12,121,中国联通GSM,"2014-05-21 12:39:43"
289,1300303,12,114,中国联通GSM,"2014-05-21 12:39:43"
290,1300304,12,114,中国联通GSM,"2014-05-21 12:39:43"
291,1300305,12,116,中国联通GSM,"2014-05-21 12:39:43"
292,1300306,12,116,中国联通GSM,"2014-05-21 12:39:43"
293,1300307,12,109,中国联通GSM,"2014-05-21 12:39:43"
294,1300308,12,116,中国联通GSM,"2014-05-21 12:39:43"
295,1300309,12,117,中国联通GSM,"2014-05-21 12:39:43"
296,1300310,9,82,中国联通GSM,"2014-05-21 12:39:43"
297,1300311,9,82,中国联通GSM,"2014-05-21 12:39:43"
298,1300312,9,82,中国联通GSM,"2014-05-21 12:39:43"
299,1300313,9,82,中国联通GSM,"2014-05-21 12:39:43"
300,1300314,9,82,中国联通GSM,"2014-05-21 12:39:43"
301,1300315,9,82,中国联通GSM,"2014-05-21 12:39:43"
302,1300316,9,82,中国联通GSM,"2014-05-21 12:39:43"
303,1300317,9,82,中国联通GSM,"2014-05-21 12:39:43"
304,1300318,9,82,中国联通GSM,"2014-05-21 12:39:43"
305,1300319,9,82,中国联通GSM,"2014-05-21 12:39:43"
306,1300320,9,82,中国联通GSM,"2014-05-21 12:39:43"
307,1300321,9,82,中国联通GSM,"2014-05-21 12:39:43"
308,1300322,9,82,中国联通GSM,"2014-05-21 12:39:43"
309,1300323,9,82,中国联通GSM,"2014-05-21 12:39:43"
310,1300324,9,82,中国联通GSM,"2014-05-21 12:39:43"
311,1300325,9,82,中国联通GSM,"2014-05-21 12:39:43"
312,1300326,9,82,中国联通GSM,"2014-05-21 12:39:43"
313,1300327,9,82,中国联通GSM,"2014-05-21 12:39:43"
314,1300328,9,82,中国联通GSM,"2014-05-21 12:39:43"
315,1300329,9,82,中国联通GSM,"2014-05-21 12:39:43"
316,1300330,10,86,中国联通GSM,"2014-05-21 12:39:43"
317,1300331,10,86,中国联通GSM,"2014-05-21 12:39:43"
318,1300332,10,86,中国联通GSM,"2014-05-21 12:39:43"
319,1300333,10,86,中国联通GSM,"2014-05-21 12:39:43"
320,1300334,10,86,中国联通GSM,"2014-05-21 12:39:43"
321,1300335,10,86,中国联通GSM,"2014-05-21 12:39:43"
322,1300336,10,86,中国联通GSM,"2014-05-21 12:39:43"
323,1300337,10,86,中国联通GSM,"2014-05-21 12:39:43"
324,1300338,10,86,中国联通GSM,"2014-05-21 12:39:43"
325,1300339,10,86,中国联通GSM,"2014-05-21 12:39:43"
326,1300340,10,87,中国联通GSM,"2014-05-21 12:39:43"
327,1300341,10,87,中国联通GSM,"2014-05-21 12:39:43"
328,1300342,10,87,中国联通GSM,"2014-05-21 12:39:43"
329,1300343,10,92,中国联通GSM,"2014-05-21 12:39:43"
330,1300344,10,92,中国联通GSM,"2014-05-21 12:39:43"
331,1300345,10,92,中国联通GSM,"2014-05-21 12:39:43"
332,1300346,10,84,中国联通GSM,"2014-05-21 12:39:43"
333,1300347,10,84,中国联通GSM,"2014-05-21 12:39:43"
334,1300348,10,94,中国联通GSM,"2014-05-21 12:39:43"
335,1300349,10,95,中国联通GSM,"2014-05-21 12:39:43"
336,1300350,10,91,中国联通GSM,"2014-05-21 12:39:43"
337,1300351,10,91,中国联通GSM,"2014-05-21 12:39:43"
338,1300352,10,91,中国联通GSM,"2014-05-21 12:39:43"
339,1300353,10,89,中国联通GSM,"2014-05-21 12:39:43"
340,1300354,10,93,中国联通GSM,"2014-05-21 12:39:43"
341,1300355,10,89,中国联通GSM,"2014-05-21 12:39:43"
342,1300356,10,89,中国联通GSM,"2014-05-21 12:39:43"
343,1300357,10,89,中国联通GSM,"2014-05-21 12:39:43"
344,1300358,10,89,中国联通GSM,"2014-05-21 12:39:43"
345,1300359,10,89,中国联通GSM,"2014-05-21 12:39:43"
346,1300360,11,97,中国联通GSM,"2014-05-21 12:39:43"
347,1300361,11,97,中国联通GSM,"2014-05-21 12:39:43"
348,1300362,11,97,中国联通GSM,"2014-05-21 12:39:43"
349,1300363,11,97,中国联通GSM,"2014-05-21 12:39:43"
350,1300364,11,97,中国联通GSM,"2014-05-21 12:39:43"
351,1300365,11,97,中国联通GSM,"2014-05-21 12:39:43"
352,1300366,11,97,中国联通GSM,"2014-05-21 12:39:43"
353,1300367,11,97,中国联通GSM,"2014-05-21 12:39:43"
354,1300368,11,97,中国联通GSM,"2014-05-21 12:39:43"
355,1300369,11,97,中国联通GSM,"2014-05-21 12:39:43"
356,1300370,11,100,中国联通GSM,"2014-05-21 12:39:43"
357,1300371,11,100,中国联通GSM,"2014-05-21 12:39:43"
358,1300372,11,100,中国联通GSM,"2014-05-21 12:39:43"
359,1300373,11,100,中国联通GSM,"2014-05-21 12:39:43"
360,1300374,11,100,中国联通GSM,"2014-05-21 12:39:43"
361,1300375,11,100,中国联通GSM,"2014-05-21 12:39:43"
362,1300376,11,100,中国联通GSM,"2014-05-21 12:39:43"
363,1300377,11,100,中国联通GSM,"2014-05-21 12:39:43"
364,1300378,11,100,中国联通GSM,"2014-05-21 12:39:43"
365,1300379,11,100,中国联通GSM,"2014-05-21 12:39:43"
366,1300380,13,129,中国联通GSM,"2014-05-21 12:39:43"
367,1300381,13,129,中国联通GSM,"2014-05-21 12:39:43"
368,1300382,13,129,中国联通GSM,"2014-05-21 12:39:43"
369,1300383,13,129,中国联通GSM,"2014-05-21 12:39:43"
370,1300384,13,129,中国联通GSM,"2014-05-21 12:39:43"
371,1300385,13,131,中国联通GSM,"2014-05-21 12:39:43"
372,1300386,13,131,中国联通GSM,"2014-05-21 12:39:43"
373,1300387,13,129,中国联通GSM,"2014-05-21 12:39:43"
374,1300388,13,129,中国联通GSM,"2014-05-21 12:39:43"
375,1300389,13,129,中国联通GSM,"2014-05-21 12:39:43"
376,1300390,13,133,中国联通GSM,"2014-05-21 12:39:43"
377,1300391,13,133,中国联通GSM,"2014-05-21 12:39:43"
378,1300392,13,133,中国联通GSM,"2014-05-21 12:39:43"
379,1300393,13,133,中国联通GSM,"2014-05-21 12:39:43"
380,1300394,13,133,中国联通GSM,"2014-05-21 12:39:43"
381,1300395,13,126,中国联通GSM,"2014-05-21 12:39:43"
382,1300396,13,126,中国联通GSM,"2014-05-21 12:39:43"
383,1300397,13,133,中国联通GSM,"2014-05-21 12:39:43"
384,1300398,13,133,中国联通GSM,"2014-05-21 12:39:43"
385,1300399,13,133,中国联通GSM,"2014-05-21 12:39:43"
386,1300400,12,109,中国联通GSM,"2014-05-21 12:39:43"
387,1300401,12,118,中国联通GSM,"2014-05-21 12:39:43"
388,1300402,12,118,中国联通GSM,"2014-05-21 12:39:43"
389,1300403,12,118,中国联通GSM,"2014-05-21 12:39:43"
390,1300404,12,114,中国联通GSM,"2014-05-21 12:39:43"
391,1300405,12,114,中国联通GSM,"2014-05-21 12:39:43"
392,1300406,12,114,中国联通GSM,"2014-05-21 12:39:43"
393,1300407,12,121,中国联通GSM,"2014-05-21 12:39:43"
394,1300408,12,121,中国联通GSM,"2014-05-21 12:39:43"
395,1300409,12,121,中国联通GSM,"2014-05-21 12:39:43"
396,1300410,9,82,中国联通GSM,"2014-05-21 12:39:43"
397,1300411,9,82,中国联通GSM,"2014-05-21 12:39:43"
398,1300412,9,82,中国联通GSM,"2014-05-21 12:39:43"
399,1300413,9,82,中国联通GSM,"2014-05-21 12:39:43"
400,1300414,9,82,中国联通GSM,"2014-05-21 12:39:43"
401,1300415,9,82,中国联通GSM,"2014-05-21 12:39:43"
402,1300416,9,82,中国联通GSM,"2014-05-21 12:39:43"
403,1300417,9,82,中国联通GSM,"2014-05-21 12:39:43"
404,1300418,9,82,中国联通GSM,"2014-05-21 12:39:43"
405,1300419,9,82,中国联通GSM,"2014-05-21 12:39:43"
406,1300420,11,96,中国联通GSM,"2014-05-21 12:39:43"
407,1300421,11,96,中国联通GSM,"2014-05-21 12:39:43"
408,1300422,11,96,中国联通GSM,"2014-05-21 12:39:43"
409,1300423,11,96,中国联通GSM,"2014-05-21 12:39:43"
410,1300424,11,96,中国联通GSM,"2014-05-21 12:39:43"
411,1300425,11,105,中国联通GSM,"2014-05-21 12:39:43"
412,1300426,11,105,中国联通GSM,"2014-05-21 12:39:43"
413,1300427,11,105,中国联通GSM,"2014-05-21 12:39:43"
414,1300428,11,97,中国联通GSM,"2014-05-21 12:39:43"
415,1300429,11,99,中国联通GSM,"2014-05-21 12:39:43"
416,1300430,10,85,中国联通GSM,"2014-05-21 12:39:43"
417,1300431,10,85,中国联通GSM,"2014-05-21 12:39:43"
418,1300432,10,85,中国联通GSM,"2014-05-21 12:39:43"
419,1300433,10,85,中国联通GSM,"2014-05-21 12:39:43"
420,1300434,10,85,中国联通GSM,"2014-05-21 12:39:43"
421,1300435,10,92,中国联通GSM,"2014-05-21 12:39:43"
422,1300436,10,92,中国联通GSM,"2014-05-21 12:39:43"
423,1300437,10,83,中国联通GSM,"2014-05-21 12:39:43"
424,1300438,10,83,中国联通GSM,"2014-05-21 12:39:43"
425,1300439,10,85,中国联通GSM,"2014-05-21 12:39:43"
426,1300440,10,83,中国联通GSM,"2014-05-21 12:39:43"
427,1300441,10,83,中国联通GSM,"2014-05-21 12:39:43"
428,1300442,10,83,中国联通GSM,"2014-05-21 12:39:43"
429,1300443,10,83,中国联通GSM,"2014-05-21 12:39:43"
430,1300444,10,88,中国联通GSM,"2014-05-21 12:39:43"
431,1300445,10,88,中国联通GSM,"2014-05-21 12:39:43"
432,1300446,10,88,中国联通GSM,"2014-05-21 12:39:43"
433,1300447,10,94,中国联通GSM,"2014-05-21 12:39:43"
434,1300448,10,94,中国联通GSM,"2014-05-21 12:39:43"
435,1300449,10,94,中国联通GSM,"2014-05-21 12:39:43"
436,1300450,10,90,中国联通GSM,"2014-05-21 12:39:43"
437,1300451,10,90,中国联通GSM,"2014-05-21 12:39:43"
438,1300452,10,90,中国联通GSM,"2014-05-21 12:39:43"
439,1300453,10,90,中国联通GSM,"2014-05-21 12:39:43"
440,1300454,10,90,中国联通GSM,"2014-05-21 12:39:43"
441,1300455,10,90,中国联通GSM,"2014-05-21 12:39:43"
442,1300456,10,90,中国联通GSM,"2014-05-21 12:39:43"
443,1300457,10,90,中国联通GSM,"2014-05-21 12:39:43"
444,1300458,10,90,中国联通GSM,"2014-05-21 12:39:43"
445,1300459,10,90,中国联通GSM,"2014-05-21 12:39:43"
446,1300460,11,101,中国联通GSM,"2014-05-21 12:39:43"
447,1300461,11,101,中国联通GSM,"2014-05-21 12:39:43"
448,1300462,11,101,中国联通GSM,"2014-05-21 12:39:43"
449,1300463,11,101,中国联通GSM,"2014-05-21 12:39:43"
450,1300464,11,103,中国联通GSM,"2014-05-21 12:39:43"
451,1300465,11,103,中国联通GSM,"2014-05-21 12:39:43"
452,1300466,11,103,中国联通GSM,"2014-05-21 12:39:43"
453,1300467,11,103,中国联通GSM,"2014-05-21 12:39:43"
454,1300468,11,102,中国联通GSM,"2014-05-21 12:39:43"
455,1300469,11,104,中国联通GSM,"2014-05-21 12:39:43"
456,1300470,11,106,中国联通GSM,"2014-05-21 12:39:43"
457,1300471,11,106,中国联通GSM,"2014-05-21 12:39:43"
458,1300472,11,106,中国联通GSM,"2014-05-21 12:39:43"
459,1300473,11,106,中国联通GSM,"2014-05-21 12:39:43"
460,1300474,11,106,中国联通GSM,"2014-05-21 12:39:43"
461,1300475,11,106,中国联通GSM,"2014-05-21 12:39:43"
462,1300476,11,98,中国联通GSM,"2014-05-21 12:39:43"
463,1300477,11,98,中国联通GSM,"2014-05-21 12:39:43"
464,1300478,11,98,中国联通GSM,"2014-05-21 12:39:43"
465,1300479,11,98,中国联通GSM,"2014-05-21 12:39:43"
466,1300480,13,132,中国联通GSM,"2014-05-21 12:39:43"
467,1300481,13,132,中国联通GSM,"2014-05-21 12:39:43"
468,1300482,13,132,中国联通GSM,"2014-05-21 12:39:43"
469,1300483,13,132,中国联通GSM,"2014-05-21 12:39:43"
470,1300484,13,132,中国联通GSM,"2014-05-21 12:39:43"
471,1300485,13,132,中国联通GSM,"2014-05-21 12:39:43"
472,1300486,13,132,中国联通GSM,"2014-05-21 12:39:43"
473,1300487,13,132,中国联通GSM,"2014-05-21 12:39:43"
474,1300488,13,132,中国联通GSM,"2014-05-21 12:39:43"
475,1300489,13,132,中国联通GSM,"2014-05-21 12:39:43"
476,1300490,13,128,中国联通GSM,"2014-05-21 12:39:43"
477,1300491,13,127,中国联通GSM,"2014-05-21 12:39:43"
478,1300492,13,127,中国联通GSM,"2014-05-21 12:39:43"
479,1300493,13,127,中国联通GSM,"2014-05-21 12:39:43"
480,1300494,13,130,中国联通GSM,"2014-05-21 12:39:43"
481,1300495,13,130,中国联通GSM,"2014-05-21 12:39:43"
482,1300496,13,130,中国联通GSM,"2014-05-21 12:39:43"
483,1300497,13,125,中国联通GSM,"2014-05-21 12:39:43"
484,1300498,13,125,中国联通GSM,"2014-05-21 12:39:43"
485,1300499,13,128,中国联通GSM,"2014-05-21 12:39:43"
486,1300500,21,245,中国联通GSM,"2014-05-21 12:39:43"
487,1300501,21,245,中国联通GSM,"2014-05-21 12:39:43"
488,1300502,21,245,中国联通GSM,"2014-05-21 12:39:43"
489,1300503,21,245,中国联通GSM,"2014-05-21 12:39:43"
490,1300504,21,245,中国联通GSM,"2014-05-21 12:39:43"
491,1300505,21,245,中国联通GSM,"2014-05-21 12:39:43"
492,1300506,21,245,中国联通GSM,"2014-05-21 12:39:43"
493,1300507,21,245,中国联通GSM,"2014-05-21 12:39:43"
494,1300508,21,245,中国联通GSM,"2014-05-21 12:39:43"
495,1300509,21,245,中国联通GSM,"2014-05-21 12:39:43"
496,1300510,19,220,中国联通GSM,"2014-05-21 12:39:43"
497,1300511,19,220,中国联通GSM,"2014-05-21 12:39:43"
498,1300512,19,220,中国联通GSM,"2014-05-21 12:39:43"
499,1300513,19,220,中国联通GSM,"2014-05-21 12:39:43"
500,1300514,19,220,中国联通GSM,"2014-05-21 12:39:43"
501,1300515,19,220,中国联通GSM,"2014-05-21 12:39:43"
502,1300516,19,220,中国联通GSM,"2014-05-21 12:39:43"
503,1300517,19,220,中国联通GSM,"2014-05-21 12:39:43"
504,1300518,19,220,中国联通GSM,"2014-05-21 12:39:43"
505,1300519,19,220,中国联通GSM,"2014-05-21 12:39:43"
506,1300520,19,221,中国联通GSM,"2014-05-21 12:39:43"
507,1300521,19,221,中国联通GSM,"2014-05-21 12:39:43"
508,1300522,19,221,中国联通GSM,"2014-05-21 12:39:43"
509,1300523,19,221,中国联通GSM,"2014-05-21 12:39:43"
510,1300524,19,221,中国联通GSM,"2014-05-21 12:39:43"
511,1300525,19,213,中国联通GSM,"2014-05-21 12:39:43"
512,1300526,19,210,中国联通GSM,"2014-05-21 12:39:43"
513,1300527,19,210,中国联通GSM,"2014-05-21 12:39:43"
514,1300528,19,216,中国联通GSM,"2014-05-21 12:39:43"
515,1300529,19,216,中国联通GSM,"2014-05-21 12:39:43"
516,1300530,19,219,中国联通GSM,"2014-05-21 12:39:43"
517,1300531,19,215,中国联通GSM,"2014-05-21 12:39:43"
518,1300532,19,221,中国联通GSM,"2014-05-21 12:39:43"
519,1300533,19,221,中国联通GSM,"2014-05-21 12:39:43"
520,1300534,19,221,中国联通GSM,"2014-05-21 12:39:43"
521,1300535,19,212,中国联通GSM,"2014-05-21 12:39:43"
522,1300536,19,228,中国联通GSM,"2014-05-21 12:39:43"
523,1300537,19,228,中国联通GSM,"2014-05-21 12:39:43"
524,1300538,19,225,中国联通GSM,"2014-05-21 12:39:43"
525,1300539,19,225,中国联通GSM,"2014-05-21 12:39:43"
526,1300540,19,230,中国联通GSM,"2014-05-21 12:39:43"
527,1300541,19,230,中国联通GSM,"2014-05-21 12:39:43"
528,1300542,19,230,中国联通GSM,"2014-05-21 12:39:43"
529,1300543,19,230,中国联通GSM,"2014-05-21 12:39:43"
530,1300544,19,230,中国联通GSM,"2014-05-21 12:39:43"
531,1300545,19,230,中国联通GSM,"2014-05-21 12:39:43"
532,1300546,19,230,中国联通GSM,"2014-05-21 12:39:43"
533,1300547,19,230,中国联通GSM,"2014-05-21 12:39:43"
534,1300548,19,230,中国联通GSM,"2014-05-21 12:39:43"
535,1300549,19,230,中国联通GSM,"2014-05-21 12:39:43"
536,1300550,19,211,中国联通GSM,"2014-05-21 12:39:43"
537,1300551,19,211,中国联通GSM,"2014-05-21 12:39:43"
538,1300552,19,211,中国联通GSM,"2014-05-21 12:39:43"
539,1300553,19,211,中国联通GSM,"2014-05-21 12:39:43"
540,1300554,19,211,中国联通GSM,"2014-05-21 12:39:43"
541,1300555,19,211,中国联通GSM,"2014-05-21 12:39:43"
542,1300556,19,214,中国联通GSM,"2014-05-21 12:39:43"
543,1300557,19,214,中国联通GSM,"2014-05-21 12:39:43"
544,1300558,19,214,中国联通GSM,"2014-05-21 12:39:43"
545,1300559,19,214,中国联通GSM,"2014-05-21 12:39:43"
546,1300560,19,224,中国联通GSM,"2014-05-21 12:39:43"
547,1300561,19,224,中国联通GSM,"2014-05-21 12:39:43"
548,1300562,19,224,中国联通GSM,"2014-05-21 12:39:43"
549,1300563,19,224,中国联通GSM,"2014-05-21 12:39:43"
550,1300564,19,226,中国联通GSM,"2014-05-21 12:39:43"
551,1300565,19,226,中国联通GSM,"2014-05-21 12:39:43"
552,1300566,19,222,中国联通GSM,"2014-05-21 12:39:43"
553,1300567,19,222,中国联通GSM,"2014-05-21 12:39:43"
554,1300568,19,222,中国联通GSM,"2014-05-21 12:39:43"
555,1300569,19,229,中国联通GSM,"2014-05-21 12:39:43"
556,1300570,19,227,中国联通GSM,"2014-05-21 12:39:43"
557,1300571,19,227,中国联通GSM,"2014-05-21 12:39:43"
558,1300572,19,227,中国联通GSM,"2014-05-21 12:39:43"
559,1300573,19,227,中国联通GSM,"2014-05-21 12:39:43"
560,1300574,19,227,中国联通GSM,"2014-05-21 12:39:43"
561,1300575,19,227,中国联通GSM,"2014-05-21 12:39:43"
562,1300576,19,229,中国联通GSM,"2014-05-21 12:39:43"
563,1300577,19,229,中国联通GSM,"2014-05-21 12:39:43"
564,1300578,19,229,中国联通GSM,"2014-05-21 12:39:43"
565,1300579,19,229,中国联通GSM,"2014-05-21 12:39:43"
566,1300580,19,217,中国联通GSM,"2014-05-21 12:39:43"
567,1300581,19,217,中国联通GSM,"2014-05-21 12:39:43"
568,1300582,19,217,中国联通GSM,"2014-05-21 12:39:43"
569,1300583,19,217,中国联通GSM,"2014-05-21 12:39:43"
570,1300584,19,217,中国联通GSM,"2014-05-21 12:39:43"
571,1300585,19,217,中国联通GSM,"2014-05-21 12:39:43"
572,1300586,19,217,中国联通GSM,"2014-05-21 12:39:43"
573,1300587,19,217,中国联通GSM,"2014-05-21 12:39:43"
574,1300588,19,217,中国联通GSM,"2014-05-21 12:39:43"
575,1300589,19,217,中国联通GSM,"2014-05-21 12:39:43"
576,1300590,20,238,中国联通GSM,"2014-05-21 12:39:43"
577,1300591,20,238,中国联通GSM,"2014-05-21 12:39:43"
578,1300592,20,238,中国联通GSM,"2014-05-21 12:39:43"
579,1300593,20,231,中国联通GSM,"2014-05-21 12:39:43"
580,1300594,20,244,中国联通GSM,"2014-05-21 12:39:43"
581,1300595,20,244,中国联通GSM,"2014-05-21 12:39:43"
582,1300596,20,236,中国联通GSM,"2014-05-21 12:39:43"
583,1300597,20,242,中国联通GSM,"2014-05-21 12:39:43"
584,1300598,20,242,中国联通GSM,"2014-05-21 12:39:43"
585,1300599,20,235,中国联通GSM,"2014-05-21 12:39:43"
586,1300600,21,245,中国联通GSM,"2014-05-21 12:39:43"
587,1300601,21,245,中国联通GSM,"2014-05-21 12:39:43"
588,1300602,21,245,中国联通GSM,"2014-05-21 12:39:43"
589,1300603,21,245,中国联通GSM,"2014-05-21 12:39:43"
590,1300604,21,245,中国联通GSM,"2014-05-21 12:39:43"
591,1300605,21,245,中国联通GSM,"2014-05-21 12:39:43"
592,1300606,21,245,中国联通GSM,"2014-05-21 12:39:43"
593,1300607,21,245,中国联通GSM,"2014-05-21 12:39:43"
594,1300608,21,245,中国联通GSM,"2014-05-21 12:39:43"
595,1300609,21,245,中国联通GSM,"2014-05-21 12:39:43"
596,1300610,17,182,中国联通GSM,"2014-05-21 12:39:43"
597,1300611,17,182,中国联通GSM,"2014-05-21 12:39:43"
598,1300612,17,182,中国联通GSM,"2014-05-21 12:39:43"
599,1300613,17,182,中国联通GSM,"2014-05-21 12:39:43"
600,1300614,17,182,中国联通GSM,"2014-05-21 12:39:43"
601,1300615,17,182,中国联通GSM,"2014-05-21 12:39:43"
602,1300616,17,182,中国联通GSM,"2014-05-21 12:39:43"
603,1300617,17,182,中国联通GSM,"2014-05-21 12:39:43"
604,1300618,17,182,中国联通GSM,"2014-05-21 12:39:43"
605,1300619,17,182,中国联通GSM,"2014-05-21 12:39:43"
606,1300620,14,144,中国联通GSM,"2014-05-21 12:39:43"
607,1300621,14,144,中国联通GSM,"2014-05-21 12:39:43"
608,1300622,14,134,中国联通GSM,"2014-05-21 12:39:43"
609,1300623,14,134,中国联通GSM,"2014-05-21 12:39:43"
610,1300624,14,134,中国联通GSM,"2014-05-21 12:39:43"
611,1300625,14,142,中国联通GSM,"2014-05-21 12:39:43"
612,1300626,14,143,中国联通GSM,"2014-05-21 12:39:43"
613,1300627,14,143,中国联通GSM,"2014-05-21 12:39:43"
614,1300628,14,141,中国联通GSM,"2014-05-21 12:39:43"
615,1300629,14,137,中国联通GSM,"2014-05-21 12:39:43"
616,1300630,17,182,中国联通GSM,"2014-05-21 12:39:43"
617,1300631,17,182,中国联通GSM,"2014-05-21 12:39:43"
618,1300632,17,182,中国联通GSM,"2014-05-21 12:39:43"
619,1300633,17,182,中国联通GSM,"2014-05-21 12:39:43"
620,1300634,17,182,中国联通GSM,"2014-05-21 12:39:43"
621,1300635,17,182,中国联通GSM,"2014-05-21 12:39:43"
622,1300636,17,182,中国联通GSM,"2014-05-21 12:39:43"
623,1300637,17,182,中国联通GSM,"2014-05-21 12:39:43"
624,1300638,17,182,中国联通GSM,"2014-05-21 12:39:43"
625,1300639,17,182,中国联通GSM,"2014-05-21 12:39:43"
626,1300640,23,270,中国联通GSM,"2014-05-21 12:39:43"
627,1300641,23,270,中国联通GSM,"2014-05-21 12:39:43"
628,1300642,23,270,中国联通GSM,"2014-05-21 12:39:43"
629,1300643,23,263,中国联通GSM,"2014-05-21 12:39:43"
630,1300644,23,263,中国联通GSM,"2014-05-21 12:39:43"
631,1300645,23,263,中国联通GSM,"2014-05-21 12:39:43"
632,1300646,23,256,中国联通GSM,"2014-05-21 12:39:43"
633,1300647,23,256,中国联通GSM,"2014-05-21 12:39:43"
634,1300648,23,264,中国联通GSM,"2014-05-21 12:39:43"
635,1300649,23,264,中国联通GSM,"2014-05-21 12:39:43"
636,1300650,15,156,中国联通GSM,"2014-05-21 12:39:43"
637,1300651,15,156,中国联通GSM,"2014-05-21 12:39:43"
638,1300652,15,156,中国联通GSM,"2014-05-21 12:39:43"
639,1300653,15,156,中国联通GSM,"2014-05-21 12:39:43"
640,1300654,15,146,中国联通GSM,"2014-05-21 12:39:43"
641,1300655,15,158,中国联通GSM,"2014-05-21 12:39:43"
642,1300656,15,158,中国联通GSM,"2014-05-21 12:39:43"
643,1300657,15,161,中国联通GSM,"2014-05-21 12:39:43"
644,1300658,15,161,中国联通GSM,"2014-05-21 12:39:43"
645,1300659,15,161,中国联通GSM,"2014-05-21 12:39:43"
646,1300660,19,230,中国联通GSM,"2014-05-21 12:39:43"
647,1300661,19,230,中国联通GSM,"2014-05-21 12:39:43"
648,1300662,19,230,中国联通GSM,"2014-05-21 12:39:43"
649,1300663,19,230,中国联通GSM,"2014-05-21 12:39:43"
650,1300664,19,230,中国联通GSM,"2014-05-21 12:39:43"
651,1300665,19,230,中国联通GSM,"2014-05-21 12:39:43"
652,1300666,19,230,中国联通GSM,"2014-05-21 12:39:43"
653,1300667,19,230,中国联通GSM,"2014-05-21 12:39:43"
654,1300668,19,230,中国联通GSM,"2014-05-21 12:39:43"
655,1300669,19,230,中国联通GSM,"2014-05-21 12:39:43"
656,1300670,19,223,中国联通GSM,"2014-05-21 12:39:43"
657,1300671,19,223,中国联通GSM,"2014-05-21 12:39:43"
658,1300672,19,223,中国联通GSM,"2014-05-21 12:39:43"
659,1300673,19,223,中国联通GSM,"2014-05-21 12:39:43"
660,1300674,19,223,中国联通GSM,"2014-05-21 12:39:43"
661,1300675,19,223,中国联通GSM,"2014-05-21 12:39:43"
662,1300676,19,223,中国联通GSM,"2014-05-21 12:39:43"
663,1300677,19,223,中国联通GSM,"2014-05-21 12:39:43"
664,1300678,19,223,中国联通GSM,"2014-05-21 12:39:43"
665,1300679,19,223,中国联通GSM,"2014-05-21 12:39:43"
666,1300680,19,218,中国联通GSM,"2014-05-21 12:39:43"
667,1300681,19,218,中国联通GSM,"2014-05-21 12:39:43"
668,1300682,19,218,中国联通GSM,"2014-05-21 12:39:43"
669,1300683,19,218,中国联通GSM,"2014-05-21 12:39:43"
670,1300684,19,218,中国联通GSM,"2014-05-21 12:39:43"
671,1300685,19,218,中国联通GSM,"2014-05-21 12:39:43"
672,1300686,19,220,中国联通GSM,"2014-05-21 12:39:43"
673,1300687,19,220,中国联通GSM,"2014-05-21 12:39:43"
674,1300688,19,220,中国联通GSM,"2014-05-21 12:39:43"
675,1300689,19,220,中国联通GSM,"2014-05-21 12:39:43"
676,1300690,20,233,中国联通GSM,"2014-05-21 12:39:43"
677,1300691,20,238,中国联通GSM,"2014-05-21 12:39:43"
678,1300692,20,231,中国联通GSM,"2014-05-21 12:39:43"
679,1300693,20,244,中国联通GSM,"2014-05-21 12:39:43"
680,1300694,20,242,中国联通GSM,"2014-05-21 12:39:43"
681,1300695,20,236,中国联通GSM,"2014-05-21 12:39:43"
682,1300696,20,239,中国联通GSM,"2014-05-21 12:39:43"
683,1300697,20,243,中国联通GSM,"2014-05-21 12:39:43"
684,1300698,20,234,中国联通GSM,"2014-05-21 12:39:43"
685,1300699,20,235,中国联通GSM,"2014-05-21 12:39:43"
686,1300700,4,23,中国联通GSM,"2014-05-21 12:39:43"
687,1300701,4,23,中国联通GSM,"2014-05-21 12:39:43"
688,1300702,4,23,中国联通GSM,"2014-05-21 12:39:43"
689,1300703,4,23,中国联通GSM,"2014-05-21 12:39:43"
690,1300704,4,23,中国联通GSM,"2014-05-21 12:39:43"
691,1300705,4,14,中国联通GSM,"2014-05-21 12:39:43"
692,1300706,4,14,中国联通GSM,"2014-05-21 12:39:43"
693,1300707,4,23,中国联通GSM,"2014-05-21 12:39:43"
694,1300708,4,23,中国联通GSM,"2014-05-21 12:39:43"
695,1300709,4,23,中国联通GSM,"2014-05-21 12:39:43"
696,1300710,17,182,中国联通GSM,"2014-05-21 12:39:43"
697,1300711,17,182,中国联通GSM,"2014-05-21 12:39:43"
698,1300712,17,182,中国联通GSM,"2014-05-21 12:39:43"
699,1300713,17,182,中国联通GSM,"2014-05-21 12:39:43"
700,1300714,17,182,中国联通GSM,"2014-05-21 12:39:43"
701,1300715,17,182,中国联通GSM,"2014-05-21 12:39:43"
702,1300716,17,182,中国联通GSM,"2014-05-21 12:39:43"
703,1300717,17,182,中国联通GSM,"2014-05-21 12:39:43"
704,1300718,17,182,中国联通GSM,"2014-05-21 12:39:43"
705,1300719,17,182,中国联通GSM,"2014-05-21 12:39:43"
706,1300720,14,144,中国联通GSM,"2014-05-21 12:39:43"
707,1300721,14,144,中国联通GSM,"2014-05-21 12:39:43"
708,1300722,14,144,中国联通GSM,"2014-05-21 12:39:43"
709,1300723,14,144,中国联通GSM,"2014-05-21 12:39:43"
710,1300724,14,144,中国联通GSM,"2014-05-21 12:39:43"
711,1300725,14,135,中国联通GSM,"2014-05-21 12:39:43"
712,1300726,14,135,中国联通GSM,"2014-05-21 12:39:43"
713,1300727,14,135,中国联通GSM,"2014-05-21 12:39:43"
714,1300728,14,144,中国联通GSM,"2014-05-21 12:39:43"
715,1300729,14,135,中国联通GSM,"2014-05-21 12:39:43"
716,1300730,18,207,中国联通GSM,"2014-05-21 12:39:43"
717,1300731,18,206,中国联通GSM,"2014-05-21 12:39:43"
718,1300732,18,204,中国联通GSM,"2014-05-21 12:39:43"
719,1300733,18,205,中国联通GSM,"2014-05-21 12:39:43"
720,1300734,18,198,中国联通GSM,"2014-05-21 12:39:43"
721,1300735,18,201,中国联通GSM,"2014-05-21 12:39:43"
722,1300736,18,200,中国联通GSM,"2014-05-21 12:39:43"
723,1300737,18,195,中国联通GSM,"2014-05-21 12:39:43"
724,1300738,18,208,中国联通GSM,"2014-05-21 12:39:43"
725,1300739,18,209,中国联通GSM,"2014-05-21 12:39:43"
726,1300740,18,200,中国联通GSM,"2014-05-21 12:39:43"
727,1300741,18,206,中国联通GSM,"2014-05-21 12:39:43"
728,1300742,18,206,中国联通GSM,"2014-05-21 12:39:43"
729,1300743,18,206,中国联通GSM,"2014-05-21 12:39:43"
730,1300744,18,204,中国联通GSM,"2014-05-21 12:39:43"
731,1300745,18,205,中国联通GSM,"2014-05-21 12:39:43"
732,1300746,18,198,中国联通GSM,"2014-05-21 12:39:43"
733,1300747,18,207,中国联通GSM,"2014-05-21 12:39:43"
734,1300748,18,206,中国联通GSM,"2014-05-21 12:39:43"
735,1300749,18,206,中国联通GSM,"2014-05-21 12:39:43"
736,1300750,16,167,中国联通GSM,"2014-05-21 12:39:43"
737,1300751,16,167,中国联通GSM,"2014-05-21 12:39:43"
738,1300752,16,167,中国联通GSM,"2014-05-21 12:39:43"
739,1300753,16,167,中国联通GSM,"2014-05-21 12:39:43"
740,1300754,16,167,中国联通GSM,"2014-05-21 12:39:43"
741,1300755,16,179,中国联通GSM,"2014-05-21 12:39:43"
742,1300756,16,179,中国联通GSM,"2014-05-21 12:39:43"
743,1300757,16,179,中国联通GSM,"2014-05-21 12:39:43"
744,1300758,16,179,中国联通GSM,"2014-05-21 12:39:43"
745,1300759,16,169,中国联通GSM,"2014-05-21 12:39:43"
746,1300760,16,167,中国联通GSM,"2014-05-21 12:39:43"
747,1300761,16,167,中国联通GSM,"2014-05-21 12:39:43"
748,1300762,16,167,中国联通GSM,"2014-05-21 12:39:43"
749,1300763,16,179,中国联通GSM,"2014-05-21 12:39:43"
750,1300764,16,171,中国联通GSM,"2014-05-21 12:39:43"
751,1300765,16,177,中国联通GSM,"2014-05-21 12:39:43"
752,1300766,16,175,中国联通GSM,"2014-05-21 12:39:43"
753,1300767,16,172,中国联通GSM,"2014-05-21 12:39:43"
754,1300768,16,164,中国联通GSM,"2014-05-21 12:39:43"
755,1300769,16,169,中国联通GSM,"2014-05-21 12:39:43"
756,1300770,29,338,中国联通GSM,"2014-05-21 12:39:43"
757,1300771,29,341,中国联通GSM,"2014-05-21 12:39:43"
758,1300772,29,342,中国联通GSM,"2014-05-21 12:39:43"
759,1300773,29,342,中国联通GSM,"2014-05-21 12:39:43"
760,1300774,29,337,中国联通GSM,"2014-05-21 12:39:43"
761,1300775,29,340,中国联通GSM,"2014-05-21 12:39:43"
762,1300776,29,341,中国联通GSM,"2014-05-21 12:39:43"
763,1300777,29,341,中国联通GSM,"2014-05-21 12:39:43"
764,1300778,29,341,中国联通GSM,"2014-05-21 12:39:43"
765,1300779,29,341,中国联通GSM,"2014-05-21 12:39:43"
766,1300780,24,274,中国联通GSM,"2014-05-21 12:39:43"
767,1300781,24,274,中国联通GSM,"2014-05-21 12:39:43"
768,1300782,24,274,中国联通GSM,"2014-05-21 12:39:43"
769,1300783,24,274,中国联通GSM,"2014-05-21 12:39:43"
770,1300784,24,274,中国联通GSM,"2014-05-21 12:39:43"
771,1300785,24,274,中国联通GSM,"2014-05-21 12:39:43"
772,1300786,24,274,中国联通GSM,"2014-05-21 12:39:43"
773,1300787,24,282,中国联通GSM,"2014-05-21 12:39:43"
774,1300788,24,274,中国联通GSM,"2014-05-21 12:39:43"
775,1300789,24,279,中国联通GSM,"2014-05-21 12:39:43"
776,1300790,30,349,中国联通GSM,"2014-05-21 12:39:43"
777,1300791,30,349,中国联通GSM,"2014-05-21 12:39:43"
778,1300792,30,346,中国联通GSM,"2014-05-21 12:39:43"
779,1300793,30,346,中国联通GSM,"2014-05-21 12:39:43"
780,1300794,30,348,中国联通GSM,"2014-05-21 12:39:43"
781,1300795,30,348,中国联通GSM,"2014-05-21 12:39:43"
782,1300796,30,345,中国联通GSM,"2014-05-21 12:39:43"
783,1300797,30,345,中国联通GSM,"2014-05-21 12:39:43"
784,1300798,30,345,中国联通GSM,"2014-05-21 12:39:43"
785,1300799,30,345,中国联通GSM,"2014-05-21 12:39:43"
786,1300800,4,17,中国联通GSM,"2014-05-21 12:39:43"
787,1300801,4,17,中国联通GSM,"2014-05-21 12:39:43"
788,1300802,4,16,中国联通GSM,"2014-05-21 12:39:43"
789,1300803,4,16,中国联通GSM,"2014-05-21 12:39:43"
790,1300804,4,24,中国联通GSM,"2014-05-21 12:39:43"
791,1300805,4,19,中国联通GSM,"2014-05-21 12:39:43"
792,1300806,4,18,中国联通GSM,"2014-05-21 12:39:43"
793,1300807,4,18,中国联通GSM,"2014-05-21 12:39:43"
794,1300808,4,24,中国联通GSM,"2014-05-21 12:39:43"
795,1300809,4,24,中国联通GSM,"2014-05-21 12:39:43"
796,1300810,23,260,中国联通GSM,"2014-05-21 12:39:43"
797,1300811,23,260,中国联通GSM,"2014-05-21 12:39:43"
798,1300812,23,260,中国联通GSM,"2014-05-21 12:39:43"
799,1300813,23,260,中国联通GSM,"2014-05-21 12:39:43"
800,1300814,23,260,中国联通GSM,"2014-05-21 12:39:43"
801,1300815,23,260,中国联通GSM,"2014-05-21 12:39:43"
802,1300816,23,260,中国联通GSM,"2014-05-21 12:39:43"
803,1300817,23,260,中国联通GSM,"2014-05-21 12:39:43"
804,1300818,23,260,中国联通GSM,"2014-05-21 12:39:43"
805,1300819,23,260,中国联通GSM,"2014-05-21 12:39:43"
806,1300820,6,55,中国联通GSM,"2014-05-21 12:39:43"
807,1300821,6,44,中国联通GSM,"2014-05-21 12:39:43"
808,1300822,6,43,中国联通GSM,"2014-05-21 12:39:43"
809,1300823,6,43,中国联通GSM,"2014-05-21 12:39:43"
810,1300824,6,51,中国联通GSM,"2014-05-21 12:39:43"
811,1300825,6,43,中国联通GSM,"2014-05-21 12:39:43"
812,1300826,6,56,中国联通GSM,"2014-05-21 12:39:43"
813,1300827,6,52,中国联通GSM,"2014-05-21 12:39:43"
814,1300828,6,55,中国联通GSM,"2014-05-21 12:39:43"
815,1300829,6,44,中国联通GSM,"2014-05-21 12:39:43"
816,1300830,22,246,中国联通GSM,"2014-05-21 12:39:43"
817,1300831,22,246,中国联通GSM,"2014-05-21 12:39:43"
818,1300832,22,246,中国联通GSM,"2014-05-21 12:39:43"
819,1300833,22,246,中国联通GSM,"2014-05-21 12:39:43"
820,1300834,22,246,中国联通GSM,"2014-05-21 12:39:43"
821,1300835,22,246,中国联通GSM,"2014-05-21 12:39:43"
822,1300836,22,246,中国联通GSM,"2014-05-21 12:39:43"
823,1300837,22,246,中国联通GSM,"2014-05-21 12:39:43"
824,1300838,22,246,中国联通GSM,"2014-05-21 12:39:43"
825,1300839,22,246,中国联通GSM,"2014-05-21 12:39:43"
826,1300840,27,310,中国联通GSM,"2014-05-21 12:39:43"
827,1300841,27,310,中国联通GSM,"2014-05-21 12:39:43"
828,1300842,27,310,中国联通GSM,"2014-05-21 12:39:43"
829,1300843,27,308,中国联通GSM,"2014-05-21 12:39:43"
830,1300844,27,317,中国联通GSM,"2014-05-21 12:39:43"
831,1300845,27,315,中国联通GSM,"2014-05-21 12:39:43"
832,1300846,27,315,中国联通GSM,"2014-05-21 12:39:43"
833,1300847,27,309,中国联通GSM,"2014-05-21 12:39:43"
834,1300848,27,309,中国联通GSM,"2014-05-21 12:39:43"
835,1300849,27,309,中国联通GSM,"2014-05-21 12:39:43"
836,1300850,27,318,中国联通GSM,"2014-05-21 12:39:43"
837,1300851,27,318,中国联通GSM,"2014-05-21 12:39:43"
838,1300852,27,308,中国联通GSM,"2014-05-21 12:39:43"
839,1300853,27,308,中国联通GSM,"2014-05-21 12:39:43"
840,1300854,27,317,中国联通GSM,"2014-05-21 12:39:43"
841,1300855,27,317,中国联通GSM,"2014-05-21 12:39:43"
842,1300856,27,317,中国联通GSM,"2014-05-21 12:39:43"
843,1300857,27,312,中国联通GSM,"2014-05-21 12:39:43"
844,1300858,27,312,中国联通GSM,"2014-05-21 12:39:43"
845,1300859,27,312,中国联通GSM,"2014-05-21 12:39:43"
846,1300860,25,293,中国联通GSM,"2014-05-21 12:39:43"
847,1300861,25,293,中国联通GSM,"2014-05-21 12:39:43"
848,1300862,25,294,中国联通GSM,"2014-05-21 12:39:43"
849,1300863,25,295,中国联通GSM,"2014-05-21 12:39:43"
850,1300864,25,298,中国联通GSM,"2014-05-21 12:39:43"
851,1300865,25,290,中国联通GSM,"2014-05-21 12:39:43"
852,1300866,25,290,中国联通GSM,"2014-05-21 12:39:43"
853,1300867,25,290,中国联通GSM,"2014-05-21 12:39:43"
854,1300868,25,290,中国联通GSM,"2014-05-21 12:39:43"
855,1300869,25,290,中国联通GSM,"2014-05-21 12:39:43"
856,1300870,28,327,中国联通GSM,"2014-05-21 12:39:43"
857,1300871,28,327,中国联通GSM,"2014-05-21 12:39:43"
858,1300872,28,327,中国联通GSM,"2014-05-21 12:39:43"
859,1300873,28,327,中国联通GSM,"2014-05-21 12:39:43"
860,1300874,28,327,中国联通GSM,"2014-05-21 12:39:43"
861,1300875,28,327,中国联通GSM,"2014-05-21 12:39:43"
862,1300876,28,327,中国联通GSM,"2014-05-21 12:39:43"
863,1300877,28,327,中国联通GSM,"2014-05-21 12:39:43"
864,1300878,28,327,中国联通GSM,"2014-05-21 12:39:43"
865,1300879,28,327,中国联通GSM,"2014-05-21 12:39:43"
866,1300880,19,230,中国联通GSM,"2014-05-21 12:39:43"
867,1300881,19,230,中国联通GSM,"2014-05-21 12:39:43"
868,1300882,19,230,中国联通GSM,"2014-05-21 12:39:43"
869,1300883,19,230,中国联通GSM,"2014-05-21 12:39:43"
870,1300884,19,230,中国联通GSM,"2014-05-21 12:39:43"
871,1300885,19,230,中国联通GSM,"2014-05-21 12:39:43"
872,1300886,19,230,中国联通GSM,"2014-05-21 12:39:43"
873,1300887,19,230,中国联通GSM,"2014-05-21 12:39:43"
874,1300888,19,230,中国联通GSM,"2014-05-21 12:39:43"
875,1300889,19,230,中国联通GSM,"2014-05-21 12:39:43"
876,1300890,11,100,中国联通GSM,"2014-05-21 12:39:43"
877,1300891,11,100,中国联通GSM,"2014-05-21 12:39:43"
878,1300892,11,100,中国联通GSM,"2014-05-21 12:39:43"
879,1300893,11,100,中国联通GSM,"2014-05-21 12:39:43"
880,1300894,11,100,中国联通GSM,"2014-05-21 12:39:43"
881,1300895,11,100,中国联通GSM,"2014-05-21 12:39:43"
882,1300896,11,100,中国联通GSM,"2014-05-21 12:39:43"
883,1300897,11,100,中国联通GSM,"2014-05-21 12:39:43"
884,1300898,11,100,中国联通GSM,"2014-05-21 12:39:43"
885,1300899,11,100,中国联通GSM,"2014-05-21 12:39:43"
886,1300900,7,57,中国联通GSM,"2014-05-21 12:39:43"
887,1300901,7,57,中国联通GSM,"2014-05-21 12:39:43"
888,1300902,7,65,中国联通GSM,"2014-05-21 12:39:43"
889,1300903,7,65,中国联通GSM,"2014-05-21 12:39:43"
890,1300904,7,66,中国联通GSM,"2014-05-21 12:39:43"
891,1300905,7,60,中国联通GSM,"2014-05-21 12:39:43"
892,1300906,7,61,中国联通GSM,"2014-05-21 12:39:43"
893,1300907,7,64,中国联通GSM,"2014-05-21 12:39:43"
894,1300908,7,63,中国联通GSM,"2014-05-21 12:39:43"
895,1300909,7,63,中国联通GSM,"2014-05-21 12:39:43"
896,1300910,7,57,中国联通GSM,"2014-05-21 12:39:43"
897,1300911,7,57,中国联通GSM,"2014-05-21 12:39:43"
898,1300912,7,57,中国联通GSM,"2014-05-21 12:39:43"
899,1300913,7,57,中国联通GSM,"2014-05-21 12:39:43"
900,1300914,7,57,中国联通GSM,"2014-05-21 12:39:43"
901,1300915,7,59,中国联通GSM,"2014-05-21 12:39:43"
902,1300916,7,59,中国联通GSM,"2014-05-21 12:39:43"
903,1300917,7,59,中国联通GSM,"2014-05-21 12:39:43"
904,1300918,7,59,中国联通GSM,"2014-05-21 12:39:43"
905,1300919,7,67,中国联通GSM,"2014-05-21 12:39:43"
906,1300920,6,49,中国联通GSM,"2014-05-21 12:39:43"
907,1300921,6,49,中国联通GSM,"2014-05-21 12:39:43"
908,1300922,6,54,中国联通GSM,"2014-05-21 12:39:43"
909,1300923,6,54,中国联通GSM,"2014-05-21 12:39:43"
910,1300924,6,53,中国联通GSM,"2014-05-21 12:39:43"
911,1300925,6,53,中国联通GSM,"2014-05-21 12:39:43"
912,1300926,6,53,中国联通GSM,"2014-05-21 12:39:43"
913,1300927,6,52,中国联通GSM,"2014-05-21 12:39:43"
914,1300928,6,50,中国联通GSM,"2014-05-21 12:39:43"
915,1300929,6,50,中国联通GSM,"2014-05-21 12:39:43"
916,1300930,6,46,中国联通GSM,"2014-05-21 12:39:43"
917,1300931,6,46,中国联通GSM,"2014-05-21 12:39:43"
918,1300932,6,46,中国联通GSM,"2014-05-21 12:39:43"
919,1300933,6,56,中国联通GSM,"2014-05-21 12:39:43"
920,1300934,6,56,中国联通GSM,"2014-05-21 12:39:43"
921,1300935,6,56,中国联通GSM,"2014-05-21 12:39:43"
922,1300936,6,45,中国联通GSM,"2014-05-21 12:39:43"
923,1300937,6,45,中国联通GSM,"2014-05-21 12:39:43"
924,1300938,6,45,中国联通GSM,"2014-05-21 12:39:43"
925,1300939,6,45,中国联通GSM,"2014-05-21 12:39:43"
926,1300940,6,47,中国联通GSM,"2014-05-21 12:39:43"
927,1300941,6,47,中国联通GSM,"2014-05-21 12:39:43"
928,1300942,6,47,中国联通GSM,"2014-05-21 12:39:43"
929,1300943,6,47,中国联通GSM,"2014-05-21 12:39:43"
930,1300944,6,47,中国联通GSM,"2014-05-21 12:39:43"
931,1300945,6,47,中国联通GSM,"2014-05-21 12:39:43"
932,1300946,6,47,中国联通GSM,"2014-05-21 12:39:43"
933,1300947,6,47,中国联通GSM,"2014-05-21 12:39:43"
934,1300948,6,47,中国联通GSM,"2014-05-21 12:39:43"
935,1300949,6,47,中国联通GSM,"2014-05-21 12:39:43"
936,1300950,5,36,中国联通GSM,"2014-05-21 12:39:43"
937,1300951,5,36,中国联通GSM,"2014-05-21 12:39:43"
938,1300952,5,36,中国联通GSM,"2014-05-21 12:39:43"
939,1300953,5,35,中国联通GSM,"2014-05-21 12:39:43"
940,1300954,5,31,中国联通GSM,"2014-05-21 12:39:43"
941,1300955,5,31,中国联通GSM,"2014-05-21 12:39:43"
942,1300956,5,31,中国联通GSM,"2014-05-21 12:39:43"
943,1300957,5,39,中国联通GSM,"2014-05-21 12:39:43"
944,1300958,5,27,中国联通GSM,"2014-05-21 12:39:43"
945,1300959,5,32,中国联通GSM,"2014-05-21 12:39:43"
946,1300960,31,364,中国联通GSM,"2014-05-21 12:39:43"
947,1300961,31,353,中国联通GSM,"2014-05-21 12:39:43"
948,1300962,31,353,中国联通GSM,"2014-05-21 12:39:43"
949,1300963,31,353,中国联通GSM,"2014-05-21 12:39:43"
950,1300964,31,353,中国联通GSM,"2014-05-21 12:39:43"
951,1300965,31,353,中国联通GSM,"2014-05-21 12:39:43"
952,1300966,31,353,中国联通GSM,"2014-05-21 12:39:43"
953,1300967,31,353,中国联通GSM,"2014-05-21 12:39:43"
954,1300968,31,353,中国联通GSM,"2014-05-21 12:39:43"
955,1300969,31,353,中国联通GSM,"2014-05-21 12:39:43"
956,1300970,8,70,中国联通GSM,"2014-05-21 12:39:43"
957,1300971,8,70,中国联通GSM,"2014-05-21 12:39:43"
958,1300972,8,70,中国联通GSM,"2014-05-21 12:39:43"
959,1300973,8,71,中国联通GSM,"2014-05-21 12:39:43"
960,1300974,8,71,中国联通GSM,"2014-05-21 12:39:43"
961,1300975,8,71,中国联通GSM,"2014-05-21 12:39:43"
962,1300976,8,80,中国联通GSM,"2014-05-21 12:39:43"
963,1300977,8,80,中国联通GSM,"2014-05-21 12:39:43"
964,1300978,8,80,中国联通GSM,"2014-05-21 12:39:43"
965,1300979,8,76,中国联通GSM,"2014-05-21 12:39:43"
966,1300980,8,70,中国联通GSM,"2014-05-21 12:39:43"
967,1300981,8,69,中国联通GSM,"2014-05-21 12:39:43"
968,1300982,8,69,中国联通GSM,"2014-05-21 12:39:43"
969,1300983,8,69,中国联通GSM,"2014-05-21 12:39:43"
970,1300984,8,70,中国联通GSM,"2014-05-21 12:39:43"
971,1300985,8,70,中国联通GSM,"2014-05-21 12:39:43"
972,1300986,8,70,中国联通GSM,"2014-05-21 12:39:43"
973,1300987,8,70,中国联通GSM,"2014-05-21 12:39:43"
974,1300988,8,76,中国联通GSM,"2014-05-21 12:39:43"
975,1300989,8,76,中国联通GSM,"2014-05-21 12:39:43"
976,1300990,8,69,中国联通GSM,"2014-05-21 12:39:43"
977,1300991,8,72,中国联通GSM,"2014-05-21 12:39:43"
978,1300992,8,72,中国联通GSM,"2014-05-21 12:39:43"
979,1300993,8,78,中国联通GSM,"2014-05-21 12:39:43"
980,1300994,8,78,中国联通GSM,"2014-05-21 12:39:43"
981,1300995,8,79,中国联通GSM,"2014-05-21 12:39:43"
982,1300996,8,81,中国联通GSM,"2014-05-21 12:39:43"
983,1300997,8,74,中国联通GSM,"2014-05-21 12:39:43"
984,1300998,8,77,中国联通GSM,"2014-05-21 12:39:43"
985,1300999,8,70,中国联通GSM,"2014-05-21 12:39:43"
986,1301000,9,82,中国联通GSM,"2014-05-21 12:39:43"
987,1301006,1,1,中国联通GSM,"2014-05-21 12:39:43"
988,1301007,1,1,中国联通GSM,"2014-05-21 12:39:43"
989,1301008,1,1,中国联通GSM,"2014-05-21 12:39:43"
990,1301009,1,1,中国联通GSM,"2014-05-21 12:39:43"
991,1301010,1,1,中国联通GSM,"2014-05-21 12:39:43"
992,1301011,1,1,中国联通GSM,"2014-05-21 12:39:43"
993,1301012,1,1,中国联通GSM,"2014-05-21 12:39:43"
994,1301013,2,2,中国联通GSM,"2014-05-21 12:39:43"
995,1301014,3,8,中国联通GSM,"2014-05-21 12:39:43"
996,1301015,15,148,中国联通GSM,"2014-05-21 12:39:43"
997,1301016,15,153,中国联通GSM,"2014-05-21 12:39:43"
998,1301017,15,161,中国联通GSM,"2014-05-21 12:39:43"
999,1301018,3,5,中国联通GSM,"2014-05-21 12:39:43"
1000,1301019,1,1,中国联通GSM,"2014-05-21 12:39:43"
